scheme,outer_fold,parameter_index,parameters,inner_cv_rmse
S1,1,5,"{""alpha"": 0.003, ""l1_ratio"": 0.75}",0.7735420994711144
S1,1,3,"{""alpha"": 0.001, ""l1_ratio"": 0.75}",0.785286209643579
S1,1,4,"{""alpha"": 0.003, ""l1_ratio"": 0.25}",0.7900462687831804
S1,1,2,"{""alpha"": 0.001, ""l1_ratio"": 0.25}",0.7944206049882054
S1,1,1,"{""alpha"": 0.0003, ""l1_ratio"": 0.75}",0.7980636704652833
S1,1,0,"{""alpha"": 0.0003, ""l1_ratio"": 0.25}",0.798371689089629
S1,2,5,"{""alpha"": 0.003, ""l1_ratio"": 0.75}",0.7932228443621163
S1,2,3,"{""alpha"": 0.001, ""l1_ratio"": 0.75}",0.8101499187889335
S1,2,4,"{""alpha"": 0.003, ""l1_ratio"": 0.25}",0.8143158426996052
S1,2,1,"{""alpha"": 0.0003, ""l1_ratio"": 0.75}",0.8168908411733486
S1,2,0,"{""alpha"": 0.0003, ""l1_ratio"": 0.25}",0.82041183682763
S1,2,2,"{""alpha"": 0.001, ""l1_ratio"": 0.25}",0.8222226577704547
S1,3,5,"{""alpha"": 0.003, ""l1_ratio"": 0.75}",0.7409110622836922
S1,3,3,"{""alpha"": 0.001, ""l1_ratio"": 0.75}",0.7497792566955864
S1,3,4,"{""alpha"": 0.003, ""l1_ratio"": 0.25}",0.753904471757494
S1,3,1,"{""alpha"": 0.0003, ""l1_ratio"": 0.75}",0.7553444608515916
S1,3,0,"{""alpha"": 0.0003, ""l1_ratio"": 0.25}",0.7559757511575622
S1,3,2,"{""alpha"": 0.001, ""l1_ratio"": 0.25}",0.7564709806235994
S1,4,5,"{""alpha"": 0.003, ""l1_ratio"": 0.75}",0.7815222455173414
S1,4,3,"{""alpha"": 0.001, ""l1_ratio"": 0.75}",0.796939090840247
S1,4,1,"{""alpha"": 0.0003, ""l1_ratio"": 0.75}",0.8013091546784339
S1,4,4,"{""alpha"": 0.003, ""l1_ratio"": 0.25}",0.8025920708764019
S1,4,0,"{""alpha"": 0.0003, ""l1_ratio"": 0.25}",0.805625060338127
S1,4,2,"{""alpha"": 0.001, ""l1_ratio"": 0.25}",0.8082570131674235
S1,5,5,"{""alpha"": 0.003, ""l1_ratio"": 0.75}",0.788836395963003
S1,5,4,"{""alpha"": 0.003, ""l1_ratio"": 0.25}",0.806595929172155
S1,5,3,"{""alpha"": 0.001, ""l1_ratio"": 0.75}",0.8086049803636902
S1,5,2,"{""alpha"": 0.001, ""l1_ratio"": 0.25}",0.8166561226848131
S1,5,1,"{""alpha"": 0.0003, ""l1_ratio"": 0.75}",0.8185890994988005
S1,5,0,"{""alpha"": 0.0003, ""l1_ratio"": 0.25}",0.820390347659866
S1,6,5,"{""alpha"": 0.003, ""l1_ratio"": 0.75}",0.7943472009887113
S1,6,4,"{""alpha"": 0.003, ""l1_ratio"": 0.25}",0.8164146130750076
S1,6,3,"{""alpha"": 0.001, ""l1_ratio"": 0.75}",0.8211372106602551
S1,6,2,"{""alpha"": 0.001, ""l1_ratio"": 0.25}",0.8309693026244086
S1,6,1,"{""alpha"": 0.0003, ""l1_ratio"": 0.75}",0.8360335891639613
S1,6,0,"{""alpha"": 0.0003, ""l1_ratio"": 0.25}",0.8375197366585807
S1,7,5,"{""alpha"": 0.003, ""l1_ratio"": 0.75}",0.8093989928570297
S1,7,3,"{""alpha"": 0.001, ""l1_ratio"": 0.75}",0.8268439172917006
S1,7,4,"{""alpha"": 0.003, ""l1_ratio"": 0.25}",0.8308338820922222
S1,7,1,"{""alpha"": 0.0003, ""l1_ratio"": 0.75}",0.8333973230154812
S1,7,0,"{""alpha"": 0.0003, ""l1_ratio"": 0.25}",0.8370211513784366
S1,7,2,"{""alpha"": 0.001, ""l1_ratio"": 0.25}",0.838863811059681
S1,8,5,"{""alpha"": 0.003, ""l1_ratio"": 0.75}",0.7323480016526359
S1,8,3,"{""alpha"": 0.001, ""l1_ratio"": 0.75}",0.7392874114586521
S1,8,4,"{""alpha"": 0.003, ""l1_ratio"": 0.25}",0.745679813828887
S1,8,1,"{""alpha"": 0.0003, ""l1_ratio"": 0.75}",0.7470823017067364
S1,8,2,"{""alpha"": 0.001, ""l1_ratio"": 0.25}",0.7478834833698138
S1,8,0,"{""alpha"": 0.0003, ""l1_ratio"": 0.25}",0.7479130367423918
S1,9,5,"{""alpha"": 0.003, ""l1_ratio"": 0.75}",0.7685850324284185
S1,9,3,"{""alpha"": 0.001, ""l1_ratio"": 0.75}",0.7868875092937732
S1,9,4,"{""alpha"": 0.003, ""l1_ratio"": 0.25}",0.7884601321465222
S1,9,1,"{""alpha"": 0.0003, ""l1_ratio"": 0.75}",0.7916126941698813
S1,9,0,"{""alpha"": 0.0003, ""l1_ratio"": 0.25}",0.7949764735767024
S1,9,2,"{""alpha"": 0.001, ""l1_ratio"": 0.25}",0.7966106699847515
S1,10,5,"{""alpha"": 0.003, ""l1_ratio"": 0.75}",0.770229725542841
S1,10,3,"{""alpha"": 0.001, ""l1_ratio"": 0.75}",0.7859061682134664
S1,10,4,"{""alpha"": 0.003, ""l1_ratio"": 0.25}",0.7881806863682906
S1,10,2,"{""alpha"": 0.001, ""l1_ratio"": 0.25}",0.7948975454144995
S1,10,0,"{""alpha"": 0.0003, ""l1_ratio"": 0.25}",0.7985365297914245
S1,10,1,"{""alpha"": 0.0003, ""l1_ratio"": 0.75}",0.7993488979233221
S2,1,5,"{""alpha"": 0.003, ""l1_ratio"": 0.75, ""zero_replacement"": 0.0001}",0.5164766322346354
S2,1,4,"{""alpha"": 0.003, ""l1_ratio"": 0.25, ""zero_replacement"": 0.0001}",0.5165174300809473
S2,1,3,"{""alpha"": 0.001, ""l1_ratio"": 0.75, ""zero_replacement"": 0.0001}",0.5165937587057163
S2,1,2,"{""alpha"": 0.001, ""l1_ratio"": 0.25, ""zero_replacement"": 0.0001}",0.516607936002112
S2,1,1,"{""alpha"": 0.0003, ""l1_ratio"": 0.75, ""zero_replacement"": 0.0001}",0.5166372949257286
S2,1,0,"{""alpha"": 0.0003, ""l1_ratio"": 0.25, ""zero_replacement"": 0.0001}",0.5166416083661068
S2,2,5,"{""alpha"": 0.003, ""l1_ratio"": 0.75, ""zero_replacement"": 0.0001}",0.5052148148824255
S2,2,4,"{""alpha"": 0.003, ""l1_ratio"": 0.25, ""zero_replacement"": 0.0001}",0.5052408121580444
S2,2,3,"{""alpha"": 0.001, ""l1_ratio"": 0.75, ""zero_replacement"": 0.0001}",0.5052926938044857
S2,2,2,"{""alpha"": 0.001, ""l1_ratio"": 0.25, ""zero_replacement"": 0.0001}",0.5053019186053819
S2,2,1,"{""alpha"": 0.0003, ""l1_ratio"": 0.75, ""zero_replacement"": 0.0001}",0.5053224478359332
S2,2,0,"{""alpha"": 0.0003, ""l1_ratio"": 0.25, ""zero_replacement"": 0.0001}",0.5053252735619771
S2,3,5,"{""alpha"": 0.003, ""l1_ratio"": 0.75, ""zero_replacement"": 0.0001}",0.5086847403638529
S2,3,4,"{""alpha"": 0.003, ""l1_ratio"": 0.25, ""zero_replacement"": 0.0001}",0.5087140203340539
S2,3,3,"{""alpha"": 0.001, ""l1_ratio"": 0.75, ""zero_replacement"": 0.0001}",0.5087826329298953
S2,3,2,"{""alpha"": 0.001, ""l1_ratio"": 0.25, ""zero_replacement"": 0.0001}",0.5087929362542305
S2,3,1,"{""alpha"": 0.0003, ""l1_ratio"": 0.75, ""zero_replacement"": 0.0001}",0.5088193569726385
S2,3,0,"{""alpha"": 0.0003, ""l1_ratio"": 0.25, ""zero_replacement"": 0.0001}",0.5088225045839986
S2,4,5,"{""alpha"": 0.003, ""l1_ratio"": 0.75, ""zero_replacement"": 0.0001}",0.52495412758048
S2,4,4,"{""alpha"": 0.003, ""l1_ratio"": 0.25, ""zero_replacement"": 0.0001}",0.5249714869588199
S2,4,3,"{""alpha"": 0.001, ""l1_ratio"": 0.75, ""zero_replacement"": 0.0001}",0.5250447072237528
S2,4,2,"{""alpha"": 0.001, ""l1_ratio"": 0.25, ""zero_replacement"": 0.0001}",0.5250510041338563
S2,4,1,"{""alpha"": 0.0003, ""l1_ratio"": 0.75, ""zero_replacement"": 0.0001}",0.5250787145927492
S2,4,0,"{""alpha"": 0.0003, ""l1_ratio"": 0.25, ""zero_replacement"": 0.0001}",0.5250806568768592
S2,5,5,"{""alpha"": 0.003, ""l1_ratio"": 0.75, ""zero_replacement"": 0.0001}",0.5129988935496114
S2,5,4,"{""alpha"": 0.003, ""l1_ratio"": 0.25, ""zero_replacement"": 0.0001}",0.5130311701978824
S2,5,3,"{""alpha"": 0.001, ""l1_ratio"": 0.75, ""zero_replacement"": 0.0001}",0.5130702862073826
S2,5,2,"{""alpha"": 0.001, ""l1_ratio"": 0.25, ""zero_replacement"": 0.0001}",0.5130815880060442
S2,5,1,"{""alpha"": 0.0003, ""l1_ratio"": 0.75, ""zero_replacement"": 0.0001}",0.5130976479168586
S2,5,0,"{""alpha"": 0.0003, ""l1_ratio"": 0.25, ""zero_replacement"": 0.0001}",0.513101095071158
S2,6,5,"{""alpha"": 0.003, ""l1_ratio"": 0.75, ""zero_replacement"": 0.0001}",0.521468402297462
S2,6,4,"{""alpha"": 0.003, ""l1_ratio"": 0.25, ""zero_replacement"": 0.0001}",0.5214962192941508
S2,6,3,"{""alpha"": 0.001, ""l1_ratio"": 0.75, ""zero_replacement"": 0.0001}",0.5215844419316267
S2,6,2,"{""alpha"": 0.001, ""l1_ratio"": 0.25, ""zero_replacement"": 0.0001}",0.521594211661653
S2,6,1,"{""alpha"": 0.0003, ""l1_ratio"": 0.75, ""zero_replacement"": 0.0001}",0.5216274656229126
S2,6,0,"{""alpha"": 0.0003, ""l1_ratio"": 0.25, ""zero_replacement"": 0.0001}",0.5216304483129659
S2,7,5,"{""alpha"": 0.003, ""l1_ratio"": 0.75, ""zero_replacement"": 0.0001}",0.503609924277416
S2,7,4,"{""alpha"": 0.003, ""l1_ratio"": 0.25, ""zero_replacement"": 0.0001}",0.5036319902263219
S2,7,3,"{""alpha"": 0.001, ""l1_ratio"": 0.75, ""zero_replacement"": 0.0001}",0.5036559968556239
S2,7,2,"{""alpha"": 0.001, ""l1_ratio"": 0.25, ""zero_replacement"": 0.0001}",0.5036638937062035
S2,7,1,"{""alpha"": 0.0003, ""l1_ratio"": 0.75, ""zero_replacement"": 0.0001}",0.5036745533787995
S2,7,0,"{""alpha"": 0.0003, ""l1_ratio"": 0.25, ""zero_replacement"": 0.0001}",0.5036769788879515
S2,8,5,"{""alpha"": 0.003, ""l1_ratio"": 0.75, ""zero_replacement"": 0.0001}",0.512788816352601
S2,8,4,"{""alpha"": 0.003, ""l1_ratio"": 0.25, ""zero_replacement"": 0.0001}",0.512794816245565
S2,8,3,"{""alpha"": 0.001, ""l1_ratio"": 0.75, ""zero_replacement"": 0.0001}",0.5128248337930557
S2,8,2,"{""alpha"": 0.001, ""l1_ratio"": 0.25, ""zero_replacement"": 0.0001}",0.5128273815120153
S2,8,1,"{""alpha"": 0.0003, ""l1_ratio"": 0.75, ""zero_replacement"": 0.0001}",0.5128397961042084
S2,8,0,"{""alpha"": 0.0003, ""l1_ratio"": 0.25, ""zero_replacement"": 0.0001}",0.5128406175531443
S2,9,5,"{""alpha"": 0.003, ""l1_ratio"": 0.75, ""zero_replacement"": 0.0001}",0.5131993204657124
S2,9,4,"{""alpha"": 0.003, ""l1_ratio"": 0.25, ""zero_replacement"": 0.0001}",0.5132160598189821
S2,9,3,"{""alpha"": 0.001, ""l1_ratio"": 0.75, ""zero_replacement"": 0.0001}",0.5132548978522875
S2,9,2,"{""alpha"": 0.001, ""l1_ratio"": 0.25, ""zero_replacement"": 0.0001}",0.5132610295015186
S2,9,1,"{""alpha"": 0.0003, ""l1_ratio"": 0.75, ""zero_replacement"": 0.0001}",0.5132767643837474
S2,9,0,"{""alpha"": 0.0003, ""l1_ratio"": 0.25, ""zero_replacement"": 0.0001}",0.5132786614542936
S2,10,5,"{""alpha"": 0.003, ""l1_ratio"": 0.75, ""zero_replacement"": 0.0001}",0.5134442222144776
S2,10,4,"{""alpha"": 0.003, ""l1_ratio"": 0.25, ""zero_replacement"": 0.0001}",0.5134666768580236
S2,10,3,"{""alpha"": 0.001, ""l1_ratio"": 0.75, ""zero_replacement"": 0.0001}",0.5135441813516161
S2,10,2,"{""alpha"": 0.001, ""l1_ratio"": 0.25, ""zero_replacement"": 0.0001}",0.5135521866710261
S2,10,1,"{""alpha"": 0.0003, ""l1_ratio"": 0.75, ""zero_replacement"": 0.0001}",0.5135815423901419
S2,10,0,"{""alpha"": 0.0003, ""l1_ratio"": 0.25, ""zero_replacement"": 0.0001}",0.5135839982396894
S3,1,2,"{""learning_rate"": 0.03, ""max_depth"": 3, ""n_estimators"": 300}",0.19164682535380442
S3,1,3,"{""learning_rate"": 0.02, ""max_depth"": 4, ""n_estimators"": 250}",0.20528836119807525
S3,1,1,"{""learning_rate"": 0.03, ""max_depth"": 2, ""n_estimators"": 400}",0.2091121236435599
S3,1,0,"{""learning_rate"": 0.03, ""max_depth"": 2, ""n_estimators"": 250}",0.22390858863864635
S3,2,2,"{""learning_rate"": 0.03, ""max_depth"": 3, ""n_estimators"": 300}",0.17851527786740481
S3,2,3,"{""learning_rate"": 0.02, ""max_depth"": 4, ""n_estimators"": 250}",0.1914095139146542
S3,2,1,"{""learning_rate"": 0.03, ""max_depth"": 2, ""n_estimators"": 400}",0.19869432957732672
S3,2,0,"{""learning_rate"": 0.03, ""max_depth"": 2, ""n_estimators"": 250}",0.2136414186964295
S3,3,2,"{""learning_rate"": 0.03, ""max_depth"": 3, ""n_estimators"": 300}",0.179140394696486
S3,3,3,"{""learning_rate"": 0.02, ""max_depth"": 4, ""n_estimators"": 250}",0.1922520942129056
S3,3,1,"{""learning_rate"": 0.03, ""max_depth"": 2, ""n_estimators"": 400}",0.19941477461827928
S3,3,0,"{""learning_rate"": 0.03, ""max_depth"": 2, ""n_estimators"": 250}",0.2156430579401951
S3,4,2,"{""learning_rate"": 0.03, ""max_depth"": 3, ""n_estimators"": 300}",0.1864117917216047
S3,4,3,"{""learning_rate"": 0.02, ""max_depth"": 4, ""n_estimators"": 250}",0.19814947786906198
S3,4,1,"{""learning_rate"": 0.03, ""max_depth"": 2, ""n_estimators"": 400}",0.20631571888532033
S3,4,0,"{""learning_rate"": 0.03, ""max_depth"": 2, ""n_estimators"": 250}",0.22123808086300104
S3,5,2,"{""learning_rate"": 0.03, ""max_depth"": 3, ""n_estimators"": 300}",0.18219839907387947
S3,5,3,"{""learning_rate"": 0.02, ""max_depth"": 4, ""n_estimators"": 250}",0.1960446895932796
S3,5,1,"{""learning_rate"": 0.03, ""max_depth"": 2, ""n_estimators"": 400}",0.2007639590870849
S3,5,0,"{""learning_rate"": 0.03, ""max_depth"": 2, ""n_estimators"": 250}",0.21774658606050798
S3,6,2,"{""learning_rate"": 0.03, ""max_depth"": 3, ""n_estimators"": 300}",0.1835210477085563
S3,6,3,"{""learning_rate"": 0.02, ""max_depth"": 4, ""n_estimators"": 250}",0.19677217670471173
S3,6,1,"{""learning_rate"": 0.03, ""max_depth"": 2, ""n_estimators"": 400}",0.2013025658561729
S3,6,0,"{""learning_rate"": 0.03, ""max_depth"": 2, ""n_estimators"": 250}",0.21749070944889748
S3,7,2,"{""learning_rate"": 0.03, ""max_depth"": 3, ""n_estimators"": 300}",0.1791966740141306
S3,7,3,"{""learning_rate"": 0.02, ""max_depth"": 4, ""n_estimators"": 250}",0.1948762591197604
S3,7,1,"{""learning_rate"": 0.03, ""max_depth"": 2, ""n_estimators"": 400}",0.19488419582970384
S3,7,0,"{""learning_rate"": 0.03, ""max_depth"": 2, ""n_estimators"": 250}",0.2114104881051068
S3,8,2,"{""learning_rate"": 0.03, ""max_depth"": 3, ""n_estimators"": 300}",0.18061656874844156
S3,8,3,"{""learning_rate"": 0.02, ""max_depth"": 4, ""n_estimators"": 250}",0.19395665394523473
S3,8,1,"{""learning_rate"": 0.03, ""max_depth"": 2, ""n_estimators"": 400}",0.19993727899066213
S3,8,0,"{""learning_rate"": 0.03, ""max_depth"": 2, ""n_estimators"": 250}",0.21566814382724764
S3,9,2,"{""learning_rate"": 0.03, ""max_depth"": 3, ""n_estimators"": 300}",0.18530528196714957
S3,9,3,"{""learning_rate"": 0.02, ""max_depth"": 4, ""n_estimators"": 250}",0.19578688264626157
S3,9,1,"{""learning_rate"": 0.03, ""max_depth"": 2, ""n_estimators"": 400}",0.2027040055051306
S3,9,0,"{""learning_rate"": 0.03, ""max_depth"": 2, ""n_estimators"": 250}",0.21757045720616944
S3,10,2,"{""learning_rate"": 0.03, ""max_depth"": 3, ""n_estimators"": 300}",0.18223038900887759
S3,10,3,"{""learning_rate"": 0.02, ""max_depth"": 4, ""n_estimators"": 250}",0.19482035151052898
S3,10,1,"{""learning_rate"": 0.03, ""max_depth"": 2, ""n_estimators"": 400}",0.20264728176685468
S3,10,0,"{""learning_rate"": 0.03, ""max_depth"": 2, ""n_estimators"": 250}",0.2187090581971629
S4,1,1,"{""alpha_1"": 0.001, ""alpha_2"": 0.001, ""lambda_1"": 1e-06, ""lambda_2"": 1e-06}",0.6294969649349311
S4,1,0,"{""alpha_1"": 1e-06, ""alpha_2"": 1e-06, ""lambda_1"": 1e-06, ""lambda_2"": 1e-06}",0.6294985594117537
S4,1,2,"{""alpha_1"": 1e-06, ""alpha_2"": 1e-06, ""lambda_1"": 0.001, ""lambda_2"": 0.001}",0.6298263174080927
S4,2,1,"{""alpha_1"": 0.001, ""alpha_2"": 0.001, ""lambda_1"": 1e-06, ""lambda_2"": 1e-06}",0.6170089496260577
S4,2,0,"{""alpha_1"": 1e-06, ""alpha_2"": 1e-06, ""lambda_1"": 1e-06, ""lambda_2"": 1e-06}",0.6170113424210085
S4,2,2,"{""alpha_1"": 1e-06, ""alpha_2"": 1e-06, ""lambda_1"": 0.001, ""lambda_2"": 0.001}",0.6173611691761259
S4,3,1,"{""alpha_1"": 0.001, ""alpha_2"": 0.001, ""lambda_1"": 1e-06, ""lambda_2"": 1e-06}",0.6151810673851199
S4,3,0,"{""alpha_1"": 1e-06, ""alpha_2"": 1e-06, ""lambda_1"": 1e-06, ""lambda_2"": 1e-06}",0.6151829338911431
S4,3,2,"{""alpha_1"": 1e-06, ""alpha_2"": 1e-06, ""lambda_1"": 0.001, ""lambda_2"": 0.001}",0.6154603569492757
S4,4,1,"{""alpha_1"": 0.001, ""alpha_2"": 0.001, ""lambda_1"": 1e-06, ""lambda_2"": 1e-06}",0.6110508506343973
S4,4,0,"{""alpha_1"": 1e-06, ""alpha_2"": 1e-06, ""lambda_1"": 1e-06, ""lambda_2"": 1e-06}",0.6110532159349505
S4,4,2,"{""alpha_1"": 1e-06, ""alpha_2"": 1e-06, ""lambda_1"": 0.001, ""lambda_2"": 0.001}",0.6113952490048778
S4,5,1,"{""alpha_1"": 0.001, ""alpha_2"": 0.001, ""lambda_1"": 1e-06, ""lambda_2"": 1e-06}",0.6317821383068631
S4,5,0,"{""alpha_1"": 1e-06, ""alpha_2"": 1e-06, ""lambda_1"": 1e-06, ""lambda_2"": 1e-06}",0.6317845650941809
S4,5,2,"{""alpha_1"": 1e-06, ""alpha_2"": 1e-06, ""lambda_1"": 0.001, ""lambda_2"": 0.001}",0.6321097118918338
S4,6,1,"{""alpha_1"": 0.001, ""alpha_2"": 0.001, ""lambda_1"": 1e-06, ""lambda_2"": 1e-06}",0.6194586727192325
S4,6,0,"{""alpha_1"": 1e-06, ""alpha_2"": 1e-06, ""lambda_1"": 1e-06, ""lambda_2"": 1e-06}",0.6194609433082594
S4,6,2,"{""alpha_1"": 1e-06, ""alpha_2"": 1e-06, ""lambda_1"": 0.001, ""lambda_2"": 0.001}",0.6197692829735424
S4,7,1,"{""alpha_1"": 0.001, ""alpha_2"": 0.001, ""lambda_1"": 1e-06, ""lambda_2"": 1e-06}",0.6232872491488025
S4,7,0,"{""alpha_1"": 1e-06, ""alpha_2"": 1e-06, ""lambda_1"": 1e-06, ""lambda_2"": 1e-06}",0.6232896562961311
S4,7,2,"{""alpha_1"": 1e-06, ""alpha_2"": 1e-06, ""lambda_1"": 0.001, ""lambda_2"": 0.001}",0.62363210248295
S4,8,1,"{""alpha_1"": 0.001, ""alpha_2"": 0.001, ""lambda_1"": 1e-06, ""lambda_2"": 1e-06}",0.6051708555005783
S4,8,0,"{""alpha_1"": 1e-06, ""alpha_2"": 1e-06, ""lambda_1"": 1e-06, ""lambda_2"": 1e-06}",0.6051726297194476
S4,8,2,"{""alpha_1"": 1e-06, ""alpha_2"": 1e-06, ""lambda_1"": 0.001, ""lambda_2"": 0.001}",0.6054334770497145
S4,9,1,"{""alpha_1"": 0.001, ""alpha_2"": 0.001, ""lambda_1"": 1e-06, ""lambda_2"": 1e-06}",0.5980094823461374
S4,9,0,"{""alpha_1"": 1e-06, ""alpha_2"": 1e-06, ""lambda_1"": 1e-06, ""lambda_2"": 1e-06}",0.5980113988513167
S4,9,2,"{""alpha_1"": 1e-06, ""alpha_2"": 1e-06, ""lambda_1"": 0.001, ""lambda_2"": 0.001}",0.5982984362582139
S4,10,1,"{""alpha_1"": 0.001, ""alpha_2"": 0.001, ""lambda_1"": 1e-06, ""lambda_2"": 1e-06}",0.6065879714097001
S4,10,0,"{""alpha_1"": 1e-06, ""alpha_2"": 1e-06, ""lambda_1"": 1e-06, ""lambda_2"": 1e-06}",0.6065903747124003
S4,10,2,"{""alpha_1"": 1e-06, ""alpha_2"": 1e-06, ""lambda_1"": 0.001, ""lambda_2"": 0.001}",0.6069002402155322
